frame.time,ip.src,ip.dst,tcp.srcport,tcp.dstport,http.request.method,http.host,dns.qry.name
Apr 28, 2017 02:03:10.829544000 +07,,,,,,,
Apr 28, 2017 02:03:13.729582000 +07,,,,,,,
Apr 28, 2017 02:03:13.729604000 +07,,,,,,,
Apr 28, 2017 02:03:14.579406000 +07,,,,,,,
Apr 28, 2017 02:03:14.579875000 +07,,,,,,,
